{
    "0": {
        "train_loss": 0.008194544017659846,
        "valid_loss": 0.005823805343676755
    },
    "1": {
        "train_loss": 0.006431118432363426,
        "valid_loss": 0.006173218209098311
    },
    "2": {
        "train_loss": 0.006402283407126863,
        "valid_loss": 0.005784934285882834
    },
    "3": {
        "train_loss": 0.006390176369394693,
        "valid_loss": 0.005925618893143239
    },
    "4": {
        "train_loss": 0.006386689926256184,
        "valid_loss": 0.005817468221140827
    },
    "5": {
        "train_loss": 0.006390789875898648,
        "valid_loss": 0.005776132111840531
    },
    "6": {
        "train_loss": 0.006366832067983018,
        "valid_loss": 0.005910590523028257
    },
    "7": {
        "train_loss": 0.006352497388746727,
        "valid_loss": 0.005803932837071888
    },
    "8": {
        "train_loss": 0.006353212314899321,
        "valid_loss": 0.005742376808948973
    },
    "9": {
        "train_loss": 0.006349127712073149,
        "valid_loss": 0.005845506455921006
    },
    "10": {
        "train_loss": 0.00632227786609696,
        "valid_loss": 0.005802688522409674
    },
    "11": {
        "train_loss": 0.006331779143462579,
        "valid_loss": 0.005736162907902997
    },
    "12": {
        "train_loss": 0.0063276918425604145,
        "valid_loss": 0.005851883515517445
    },
    "13": {
        "train_loss": 0.00632781150440375,
        "valid_loss": 0.00572610277424943
    },
    "14": {
        "train_loss": 0.006286739274790442,
        "valid_loss": 0.005697391514421989
    },
    "15": {
        "train_loss": 0.006269445458461565,
        "valid_loss": 0.00567260482232912
    },
    "16": {
        "train_loss": 0.006246921308511109,
        "valid_loss": 0.005769106627983563
    },
    "17": {
        "train_loss": 0.006219160327066978,
        "valid_loss": 0.005622991586123851
    },
    "18": {
        "train_loss": 0.006174994978225893,
        "valid_loss": 0.0057708907976469145
    },
    "19": {
        "train_loss": 0.0061989421832064785,
        "valid_loss": 0.005664352378774936
    },
    "20": {
        "train_loss": 0.0061626588591133,
        "valid_loss": 0.005593184606297642
    },
    "21": {
        "train_loss": 0.006135727340286529,
        "valid_loss": 0.005614677019721122
    },
    "22": {
        "train_loss": 0.006083684526728811,
        "valid_loss": 0.005651788757981877
    },
    "23": {
        "train_loss": 0.0060567938455346,
        "valid_loss": 0.005590390823517285
    },
    "24": {
        "train_loss": 0.006041629362885875,
        "valid_loss": 0.005596054430575447
    },
    "25": {
        "train_loss": 0.005995175280711717,
        "valid_loss": 0.005578483956872571
    },
    "26": {
        "train_loss": 0.005976637181894923,
        "valid_loss": 0.00550901976080466
    },
    "27": {
        "train_loss": 0.005958283859201603,
        "valid_loss": 0.005484902513781496
    },
    "28": {
        "train_loss": 0.005915325517869658,
        "valid_loss": 0.005471530211065625
    },
    "29": {
        "train_loss": 0.00588390273593918,
        "valid_loss": 0.00548464193748614
    },
    "30": {
        "train_loss": 0.005867202691388903,
        "valid_loss": 0.005379754726292816
    },
    "31": {
        "train_loss": 0.005829777651018015,
        "valid_loss": 0.005373056007033967
    },
    "32": {
        "train_loss": 0.005766319787750641,
        "valid_loss": 0.005335814034704991
    },
    "33": {
        "train_loss": 0.005719977535686835,
        "valid_loss": 0.005293814744470073
    },
    "34": {
        "train_loss": 0.00569725780195936,
        "valid_loss": 0.005279627477945034
    },
    "35": {
        "train_loss": 0.0056394880216706685,
        "valid_loss": 0.005288072416297959
    },
    "36": {
        "train_loss": 0.0056048587030144755,
        "valid_loss": 0.005186777275405718
    },
    "37": {
        "train_loss": 0.005570570380185489,
        "valid_loss": 0.005133849524080436
    },
    "38": {
        "train_loss": 0.005519541450948627,
        "valid_loss": 0.005135337796544405
    },
    "39": {
        "train_loss": 0.005468901830759865,
        "valid_loss": 0.005144508105557386
    },
    "40": {
        "train_loss": 0.005379848302928386,
        "valid_loss": 0.005218762257103379
    },
    "41": {
        "train_loss": 0.005322208954193801,
        "valid_loss": 0.0050338741956635355
    },
    "42": {
        "train_loss": 0.005235181312007761,
        "valid_loss": 0.004940275412468993
    },
    "43": {
        "train_loss": 0.005145970894092763,
        "valid_loss": 0.004914293107774822
    },
    "44": {
        "train_loss": 0.005068124286244037,
        "valid_loss": 0.005040426981711351
    },
    "45": {
        "train_loss": 0.004960752584178139,
        "valid_loss": 0.004895210693382282
    },
    "46": {
        "train_loss": 0.004908238225444048,
        "valid_loss": 0.004823944498355507
    },
    "47": {
        "train_loss": 0.004798241672968423,
        "valid_loss": 0.00474512789329078
    },
    "48": {
        "train_loss": 0.0047155459068232665,
        "valid_loss": 0.004627048519294683
    },
    "49": {
        "train_loss": 0.004625969350475956,
        "valid_loss": 0.004505609961784716
    },
    "50": {
        "train_loss": 0.00453872385934961,
        "valid_loss": 0.004391585634393842
    },
    "51": {
        "train_loss": 0.004481692457985547,
        "valid_loss": 0.0042895760018946535
    },
    "52": {
        "train_loss": 0.00435896381235647,
        "valid_loss": 0.004414227043925818
    },
    "53": {
        "train_loss": 0.004302153532496757,
        "valid_loss": 0.004261418725017141
    },
    "54": {
        "train_loss": 0.004215379070697559,
        "valid_loss": 0.004270962257423696
    },
    "55": {
        "train_loss": 0.004117828339890197,
        "valid_loss": 0.004138858823752995
    },
    "56": {
        "train_loss": 0.0040297847684403814,
        "valid_loss": 0.00411553500122754
    },
    "57": {
        "train_loss": 0.003930804975227349,
        "valid_loss": 0.0041061275562680995
    },
    "58": {
        "train_loss": 0.003839305280190375,
        "valid_loss": 0.0044891574912942316
    },
    "59": {
        "train_loss": 0.003769592900794965,
        "valid_loss": 0.003957313657589653
    },
    "60": {
        "train_loss": 0.0036589855386841078,
        "valid_loss": 0.004070375026748615
    },
    "61": {
        "train_loss": 0.0035474359613187887,
        "valid_loss": 0.003942654058188597
    },
    "62": {
        "train_loss": 0.0034865483272544765,
        "valid_loss": 0.0037478350395178223
    },
    "63": {
        "train_loss": 0.003379292477922583,
        "valid_loss": 0.003736796768230274
    },
    "64": {
        "train_loss": 0.0032935435775046547,
        "valid_loss": 0.0037007098328090994
    },
    "65": {
        "train_loss": 0.003212019822525757,
        "valid_loss": 0.003544257848493834
    },
    "66": {
        "train_loss": 0.003104674538804425,
        "valid_loss": 0.0037142951035267734
    },
    "67": {
        "train_loss": 0.003037412935540218,
        "valid_loss": 0.0037323664898607643
    },
    "68": {
        "train_loss": 0.002956477123726573,
        "valid_loss": 0.0034647460726373795
    },
    "69": {
        "train_loss": 0.002874669919859756,
        "valid_loss": 0.0033953805439213805
    },
    "70": {
        "train_loss": 0.0028039983119298186,
        "valid_loss": 0.003366846003378114
    },
    "71": {
        "train_loss": 0.002760800169090982,
        "valid_loss": 0.003267600622972645
    },
    "72": {
        "train_loss": 0.00269051092185287,
        "valid_loss": 0.0032975399558736237
    },
    "73": {
        "train_loss": 0.0025904949090478045,
        "valid_loss": 0.0032663139492332778
    },
    "74": {
        "train_loss": 0.0025350345998864485,
        "valid_loss": 0.003083903662833973
    },